<?xml version="1.0" encoding="ISO-8859-1"?>
<JDBOR date="2020-03-01 05:09:08" version="1.3.1 / 4.1.7 [2019-11-24] (orientdb version)" copyright="Orphanet (c) 2020">
<Availability> 
 <Licence>
    <FullName lang="en">Creative Commons Attribution 4.0 International</FullName>
    <ShortIdentifier>CC-BY-4.0</ShortIdentifier>
    <LegalCode>https://creativecommons.org/licenses/by/4.0/legalcode</LegalCode>
 </Licence>
</Availability>
  <DisorderList count="1">
    <Disorder id="13051">
      <OrphaNumber>98033</OrphaNumber>
      <ExpertLink lang="en">http://www.orpha.net/consor/cgi-bin/OC_Exp.php?lng=en&amp;Expert=98033</ExpertLink>
      <Name lang="en">Rare neurologic disease with psychiatric involvement</Name>
      <ClassificationNodeList count="0">
      </ClassificationNodeList>
    </Disorder>
  </DisorderList>
</JDBOR>
